{"Year":[2015,2016,2017,2018,2019,2020],"Units":["Euros","Euros","Euros","Euros","Euros","Euros"],"Value":[17658495.1600000001,17658495.1600000001,18234805.0500000007,18234805.0500000007,18234805.0500000007,18820119.7800000012]}